,Digraphs,Probability
0,th,3.886734353327326
1,he,3.2775566480034857
2,an,1.9341974703261693
3,in,1.6834057219191607
4,er,1.6815572166709183
5,nd,1.540633898382177
6,ha,1.3353041760198232
7,re,1.3190037206489575
8,es,1.2492646590107181
9,ea,1.1280363239123423
10,ou,1.0914471230592515
11,en,1.075325916682155
12,to,1.0683912212357178
13,nt,1.0473406675299746
14,st,1.0391400260650443
15,at,1.0330231541526782
16,hi,0.9968372635355677
17,ed,0.9704316461409764
18,or,0.9673283979363512
19,on,0.9479022882366391
20,et,0.9238269077610445
21,of,0.9065069737381178
22,is,0.8880891396283563
23,it,0.872315228176687
24,ng,0.8314576606594727
25,ar,0.7677346433746043
26,se,0.766390275921337
27,as,0.759276331481131
28,al,0.7577079027856526
29,ll,0.7280982096274411
30,sa,0.7230904408640205
31,ve,0.6877447799052019
32,el,0.6755222391425804
33,le,0.6680946089632788
34,no,0.6564546274304063
35,te,0.6557712406416621
36,ti,0.6499680544683918
37,sh,0.6369052840474781
38,me,0.6286598303341056
39,ot,0.609121690013288
40,ne,0.5959692950954899
41,ho,0.5869620331585992
42,so,0.5851023248482461
43,dt,0.5641189895151661
44,ro,0.5443679910142479
45,be,0.542631516387111
46,tt,0.5374108894435898
47,ta,0.5343636565495173
48,ri,0.5211776524453876
49,ee,0.5073418707388453
50,de,0.5072522462419609
51,da,0.5060983308445731
52,em,0.5055717869253767
53,ra,0.5028606458946211
54,ma,0.500261535484971
55,om,0.483512957629683
56,rt,0.46981161266846744
57,wh,0.46960995755047735
58,wi,0.44804406298764826
59,fo,0.44765195581377865
60,ss,0.4421064400690512
61,wa,0.43967537559105957
62,li,0.4393504867898533
63,ei,0.4370762651814095
64,ew,0.4364040814547759
65,di,0.4355414456722627
66,lo,0.4258283908224067
67,ec,0.42135836904029306
68,si,0.4198683617795885
69,ut,0.41205982748852776
70,rs,0.4077914608244042
71,ch,0.4053267871600809
72,ow,0.40462099424711556
73,co,0.40187624403002825
74,us,0.4005542827009821
75,ur,0.3965211803411803
76,ft,0.39494154858359126
77,ai,0.39118852277655347
78,il,0.39029227780770864
79,la,0.38289825681473866
80,na,0.3788763575170474
81,un,0.37375655813252123
82,do,0.3698802986422673
83,ht,0.3603352897240697
84,yo,0.3603128835998486
85,ce,0.3568399343455748
86,eh,0.3565598577928108
87,eo,0.355484363830197
88,ns,0.35068945324687706
89,ad,0.3493674919178309
90,we,0.3385453339190294
91,ds,0.3352740397827457
92,gh,0.3300982250876668
93,ts,0.32804806472143416
94,ld,0.31777485676605016
95,ef,0.3145819840645404
96,id,0.31451476569187703
97,rd,0.31334964723237874
98,im,0.31053767864262805
99,am,0.29524549886171286
100,ic,0.29448369063819474
101,mo,0.2893078759431158
102,pe,0.2866975624713552
103,ca,0.28454657454612753
104,ep,0.2833478469002976
105,oo,0.2814321232793917
106,ly,0.28056948749687854
107,ey,0.28050226912421516
108,ni,0.2744974278329547
109,ir,0.2726825317710439
110,os,0.2724360644046116
111,ke,0.2722904245971743
112,ac,0.2663864108649089
113,ul,0.26424662600179183
114,ay,0.2633727871571681
115,go,0.25387259048741273
116,fa,0.24911128909042451
117,ev,0.24801338900358957
118,dh,0.24683706748198073
119,ie,0.245503903090824
120,mi,0.24430517544499403
121,tw,0.2442267540102201
122,ol,0.24048493126529288
123,nc,0.23713521569423526
124,av,0.2361941584769482
125,eb,0.23427843485604233
126,od,0.2334382051977503
127,lt,0.2328668490301117
128,tr,0.23037976924156725
129,bu,0.22980841307392866
130,ga,0.22943871202428018
131,io,0.22887855891875214
132,wo,0.2230417635591501
133,ge,0.22135010118045545
134,fi,0.22029701334206275
135,sw,0.21668962734246225
136,ig,0.21234283924356476
137,su,0.20836575219431577
138,po,0.20637160713863598
139,ry,0.20181196085963785
140,pr,0.2001987199157171
141,pa,0.1992352565742089
142,dw,0.1974203605122981
143,sp,0.19661374004033774
144,fe,0.19606478999692029
145,ys,0.19234537337621418
146,ab,0.18927573435792058
147,yt,0.18595962797319465
148,ye,0.18260991240213706
149,fr,0.17698597522263565
150,eg,0.17345701065780908
151,db,0.17089150943449072
152,tu,0.1680571347205189
153,tl,0.16347508231729962
154,ag,0.15948679220594006
155,bo,0.1594755891438295
156,pl,0.1578623481999088
157,ya,0.15721257059749627
158,rn,0.15702211854161674
159,nh,0.1554200806598066
160,op,0.15315706211347335
161,ty,0.15301142230603607
162,sc,0.15075960682181339
163,up,0.14941523936854612
164,if,0.14889989851146035
165,bl,0.14835094846804286
166,ap,0.1478356076109571
167,iv,0.14448589203989948
168,my,0.14332077358040118
169,ia,0.14177475100914383
170,ls,0.14177475100914383
171,ug,0.1411025672825102
172,gr,0.1400158702577858
173,gt,0.13994865188512245
174,gi,0.13909721916471984
175,dr,0.13767443027667867
176,ak,0.13685660674260774
177,ki,0.13654292100351204
178,rm,0.13443674532672667
179,vi,0.13179282266863437
180,br,0.13128868487365913
181,oa,0.12865596527767742
182,dm,0.12652738347667092
183,oh,0.12544068645194653
184,sm,0.12384985163224693
185,ob,0.12091464935928008
186,ov,0.12035449625375205
187,mt,0.1198279523345557
188,df,0.11932381453958048
189,rh,0.11665748575726706
190,ru,0.11655665819827202
191,oi,0.11606372346540736
192,dn,0.11582845916108558
193,sb,0.11522349380711532
194,tb,0.11476416826058233
195,ck,0.11285964770178704
196,ct,0.1127812262670131
197,uc,0.1121874639751534
198,sf,0.11136964044108248
199,ba,0.10856887491344235
200,hy,0.1082663922364572
201,by,0.10742616257816516
202,aw,0.10742616257816516
203,gs,0.10739255339183348
204,rr,0.10714608602540115
205,yi,0.1059137491932395
206,nw,0.10535359608771146
207,ny,0.10525276852871641
208,rc,0.10416607150399204
209,du,0.10361712146057457
210,rw,0.10359471533635345
211,ff,0.10356110615002177
212,yw,0.10346027859102673
213,wn,0.10249681524951852
214,ci,0.10200388051665385
215,au,0.10195906826821162
216,tm,0.09978567421876286
217,ok,0.09953920685233053
218,pi,0.09918070886479259
219,mp,0.096111069846499
220,lf,0.0958870086042878
221,af,0.0958533994179561
222,sn,0.09579738410740331
223,dl,0.09576377492107163
224,sl,0.09468828095845781
225,pt,0.09444181359202548
226,ue,0.09444181359202548
227,hu,0.0944082044056938
228,dd,0.09296300939343148
229,tc,0.09235804403946121
230,mu,0.09207796748669721
231,ms,0.09099127046197283
232,tf,0.0909128490271989
233,cr,0.0909128490271989
234,oc,0.08924359277272538
235,nn,0.08808967737533764
236,rf,0.08785441307101588
237,ah,0.0871934324064928
238,rl,0.08609553231965787
239,hr,0.08596109557433114
240,dy,0.08561380064890377
241,fh,0.08556898840046152
242,kn,0.08508725672970742
243,qu,0.08423582400930482
244,ui,0.08393334133231968
245,ua,0.08361965559322398
246,yh,0.0834180004752339
247,rb,0.08135663704689075
248,pp,0.07931767974276874
249,ym,0.07889196338256743
250,eu,0.07772684492306914
251,dg,0.07696503669955101
252,dc,0.07660653871201308
253,nf,0.07641608665613354
254,ud,0.0763712744076913
255,nl,0.07620322847603289
256,lb,0.07585593355060552
257,yb,0.07571029374316823
258,um,0.0747804395879917
259,mb,0.0746684089668861
260,hh,0.07354810275583004
261,cl,0.07306637108507594
262,fl,0.07301035577452314
263,mm,0.0715763638243714
264,fu,0.07153155157592915
265,ex,0.07096019540829056
266,ek,0.06911169016004806
267,nb,0.06843950643341443
268,sr,0.06832747581230883
269,nk,0.0670839359180366
270,hs,0.06689348386215707
271,cu,0.06627731544607625
272,sd,0.06557152253311092
273,tn,0.06547069497411588
274,td,0.06456324694316048
275,yf,0.0645296377568288
276,oy,0.0644176071357232
277,rp,0.06431677957672814
278,rg,0.06306203662034536
279,ik,0.06265872638436519
280,nm,0.06259150801170182
281,ph,0.062154588589389964
282,gl,0.061426389552203524
283,rk,0.06033969252747915
284,va,0.060261271092705224
285,oe,0.06023886496848411
286,lu,0.05705719532908491
287,yc,0.05702358614275323
288,nu,0.0569451647079793
289,dp,0.056833134086873696
290,je,0.056810727962652574
291,pu,0.05666508815521529
292,ip,0.05551117275782755
293,og,0.05544395438516419
294,mr,0.055231096205063536
295,hw,0.05485019209330448
296,ub,0.05467094309953551
297,yp,0.05432364817410813
298,bi,0.05426763286355533
299,iw,0.05368507363380618
300,lw,0.051590101019131356
301,yl,0.051522882646467996
302,rv,0.05148927346013631
303,gu,0.05129882140425678
304,fs,0.0512091969073723
305,fm,0.05100754178938221
306,yd,0.05063784073973371
307,ib,0.05062663767762315
308,wt,0.04983122026777335
309,lm,0.049282270224355884
310,sy,0.04914783347902916
311,ju,0.04886775692626514
312,jo,0.04881174161571234
313,sg,0.0476578262183246
314,hm,0.046963236367469845
315,tp,0.04593255465329828
316,ih,0.04559646278998146
317,lh,0.045562853603649776
318,vo,0.04380397285229177
319,ks,0.04242599621269282
320,ka,0.04020778991480183
321,ae,0.04020778991480183
322,yr,0.03977087049248997
323,ws,0.039692449057716045
324,sk,0.03934515413228867
325,hb,0.03793356830635804
326,mw,0.03735100907660889
327,cc,0.03673484066052806
328,lk,0.0362979212382162
329,lc,0.03628671817610564
330,gw,0.03577137731901985
331,ps,0.035536113014698084
332,ln,0.03460625885952155
333,yg,0.03425896393409418
334,mh,0.03399009044344072
335,gn,0.0334299373379127
336,np,0.03335151590313877
337,kt,0.03280256585972131
338,tg,0.03213038213308767
339,gm,0.03204075763620319
340,yn,0.031984742325650385
341,lv,0.03196233620142926
342,aa,0.031715868834996934
343,hf,0.029766536027759395
344,fw,0.02949766253710594
345,fy,0.029430444164442578
346,ko,0.02940803804022146
347,eq,0.029150367611678565
348,ej,0.02900472780424128
349,fg,0.028903900245246233
350,lp,0.02888149412102511
351,fb,0.0286014175682611
352,wr,0.028276528767054842
353,bs,0.027178628680219908
354,nv,0.026932161313787575
355,dj,0.02638321127037011
356,gb,0.026282383711375062
357,gf,0.025957494910168806
358,mf,0.02586787041328432
359,nr,0.024691548891675463
360,uw,0.024198614158810798
361,hn,0.02395214679237847
362,fc,0.023739288612277816
363,uh,0.023078307947754746
364,hd,0.023044698761423062
365,ja,0.022899058953985776
366,mn,0.022831840581322413
367,ze,0.02263018546333232
368,gg,0.0221820629789099
369,dv,0.02161070681127131
370,gy,0.02161070681127131
371,fj,0.02142025475539178
372,hc,0.02119619351318057
373,lr,0.02092732002252712
374,wl,0.019840622997802742
375,hl,0.019538140320817608
376,fp,0.01938129745126976
377,uf,0.01933648520282752
378,gd,0.019056408650063503
379,ww,0.018832347407852293
380,lg,0.018675504538304445
381,sv,0.018630692289862204
382,yy,0.018283397364434826
383,yu,0.018272194302324265
384,hp,0.01819377286755034
385,xp,0.01816016368121866
386,xt,0.01813775755699754
387,fd,0.018070539184334176
388,xc,0.01773444732101736
389,nj,0.01739835545770054
390,cy,0.017275121774484377
391,bb,0.016625344172071864
392,az,0.015617068582121415
393,bt,0.01552744408523693
394,hg,0.014709620551166008
395,iu,0.014698417489055449
396,gc,0.014676011364834327
397,kw,0.014418340936291435
398,tk,0.014384731749959754
399,uo,0.014250295004633026
400,kh,0.01371254802332612
401,kl,0.013342846973677621
402,wm,0.01330923778734594
403,iz,0.01330923778734594
404,ix,0.013264425538903698
405,oj,0.013062770420913607
406,sj,0.012995552048250245
407,gp,0.012637054060712307
408,za,0.01253622650171726
409,xe,0.012480211191164459
410,ky,0.012144119327847641
411,uk,0.012121713203626521
412,fn,0.012076900955184279
413,py,0.011897651961415309
414,ml,0.011808027464530826
415,tj,0.01170719990553578
416,mc,0.011595169284430175
417,wd,0.011583966222319613
418,ao,0.011225468234781676
419,dk,0.011046219241012708
420,md,0.011046219241012708
421,wb,0.01086697024724374
422,xa,0.010418847762821317
423,sq,0.01031802020382627
424,tv,0.01027320795538403
425,rj,0.009645836477192637
426,zi,0.009623430352971517
427,nq,0.009533805856087032
428,xi,0.009444181359202547
429,wf,0.009432978297091988
430,pw,0.009253729303323018
431,ez,0.009242526241212459
432,kf,0.009164104806438535
433,kb,0.009018464999001247
434,yk,0.00889523131578508
435,yv,0.008435905769252098
436,wc,0.008234250651262008
437,mg,0.008010189409050798
438,bj,0.007976580222719116
439,wy,0.00725958424764324
440,km,0.006979507694879226
441,ox,0.006878680135884181
442,kc,0.006721837266336333
443,ku,0.006430557651461759
444,pb,0.0062401055955822295
445,ax,0.006128074974476623
446,yj,0.005993638229149897
447,pf,0.005870404545933731
448,iq,0.005758373924828125
449,zz,0.005478297372064111
450,pm,0.005355063688847945
451,uy,0.005209423881410658
452,kd,0.005198220819300097
453,ii,0.005074987136083932
454,cs,0.005063784073973371
455,cq,0.004772504459098797
456,aj,0.0044812248442242224
457,hj,0.004357991161008056
458,hk,0.004313178912565814
459,gv,0.00422355441568133
460,dq,0.004178742167239087
461,wp,0.004167539105128526
462,fv,0.0040218992976912395
463,vy,0.003988290111359558
464,wu,0.0038202441797011493
465,fk,0.0037754319312589073
466,tq,0.00362979212382162
467,hv,0.0035625737511582566
468,fz,0.003551370689047696
469,cb,0.003472949254273772
470,xh,0.0034169339437209695
471,lj,0.003293700260504803
472,uz,0.0032152788257308793
473,rq,0.0032040757636203187
474,oz,0.0031368573909569555
475,kp,0.0030920451425147134
476,wg,0.003080842080404153
477,bh,0.003047232894072471
478,vp,0.0030360298319619104
479,bw,0.0029352022729668653
480,ij,0.0029127961487457445
481,zo,0.00282317165186126
482,vn,0.00282317165186126
483,aq,0.002755953279197897
484,nx,0.002744750217087336
485,kr,0.0026663287823134123
486,vs,0.0026103134717606093
487,mv,0.002576704285428928
488,mj,0.0025655012233183673
489,pd,0.002543095099097246
490,bd,0.0025318920369866854
491,dz,0.002442267540102201
492,oq,0.00241986141588108
493,bm,0.0023302369189965957
494,uu,0.0022518154842226714
495,cd,0.0022518154842226714
496,xo,0.0021621909873381874
497,kg,0.002139784863117066
498,pc,0.002117378738895945
499,gj,0.0021061756767853843
500,bn,0.0021061756767853843
501,uv,0.0020949726146748237
502,gk,0.001971738931458658
503,yq,0.001960535869348097
504,wk,0.0019493328072375366
505,mk,0.0018709113724636127
506,zl,0.0017588807513580073
507,pn,0.0017588807513580073
508,wv,0.0016244440060312806
509,cw,0.0016020378818101593
510,xs,0.0015572256333679171
511,zr,0.0015124133849256749
512,xw,0.0014451950122623116
513,nz,0.0014003827638200694
514,gq,0.0013667735774883878
515,xm,0.0012995552048250243
516,bf,0.001288352142714464
517,vu,0.0012659460184933427
518,wj,0.0012211337700511005
519,hq,0.00120993070794054
520,xu,0.0011651184594982978
521,zy,0.001109103148945495
522,bc,0.001109103148945495
523,kk,0.0010530878383926922
524,cm,0.0009634633415082078
525,pg,0.0009522602793976472
526,tz,0.0009298541551765261
527,mq,0.0009186510930659656
528,cp,0.0009186510930659656
529,kv,0.0008962449688448444
530,ux,0.0008850419067342838
531,cf,0.0008850419067342838
532,pk,0.0008738388446237233
533,uj,0.0008514327204026022
534,lq,0.0008178235340709205
535,ji,0.0008178235340709205
536,xf,0.00080662047196036
537,bv,0.0007618082235181177
538,vd,0.0007506051614075572
539,zu,0.0007281990371864361
540,xd,0.0007169959750758755
541,zt,0.0006945898508547544
542,fq,0.0006833867887441939
543,rz,0.0006833867887441939
544,rx,0.0006385745403019517
545,hz,0.000627371478191391
546,iy,0.00060496535397027
547,xb,0.00060496535397027
548,cn,0.00060496535397027
549,zp,0.00060496535397027
550,kj,0.0005825592297491489
551,sz,0.0005713561676385883
552,xy,0.0005601531055280278
553,xq,0.0005601531055280278
554,cg,0.0005489500434174672
555,bg,0.000504137794975225
556,wq,0.0004817316707541039
557,pj,0.0004593255465329828
558,vr,0.00043691942231186166
559,xl,0.00043691942231186166
560,bk,0.0004257163602013011
561,lz,0.00041451329809074055
562,uq,0.0003809041117590589
563,xv,0.0003809041117590589
564,bp,0.0003809041117590589
565,zd,0.0003472949254273772
566,zh,0.00033609186331681664
567,zs,0.00033609186331681664
568,kx,0.00033609186331681664
569,zw,0.0003248888012062561
570,xx,0.0003248888012062561
571,vt,0.0003136857390956955
572,zb,0.0003136857390956955
573,pv,0.00029127961487457446
574,mz,0.0002800765527640139
575,yz,0.0002576704285428928
576,xg,0.00024646736643233223
577,xn,0.00024646736643233223
578,cv,0.00023526430432177167
579,kq,0.0002240612422112111
580,pq,0.0002240612422112111
581,gz,0.00020165511799009
582,yx,0.00019045205587952944
583,zc,0.00019045205587952944
584,zm,0.00016804593165840832
585,xr,0.00015684286954784776
586,wz,0.00015684286954784776
587,cz,0.00014563980743728723
588,zk,0.00012323368321616611
589,bz,0.00011203062110560556
590,cj,0.00011203062110560556
591,qt,8.962449688448444e-05
592,kz,8.962449688448444e-05
593,zn,8.962449688448444e-05
594,xj,8.962449688448444e-05
595,jy,8.962449688448444e-05
596,qw,7.842143477392388e-05
597,xk,6.721837266336334e-05
598,zg,6.721837266336334e-05
599,vl,6.721837266336334e-05
600,dx,6.721837266336334e-05
601,jt,6.721837266336334e-05
602,tx,5.601531055280278e-05
603,jr,5.601531055280278e-05
604,vh,4.481224844224222e-05
605,bq,4.481224844224222e-05
606,sx,4.481224844224222e-05
607,zv,4.481224844224222e-05
608,jb,4.481224844224222e-05
609,qa,4.481224844224222e-05
610,vm,3.360918633168167e-05
611,vw,3.360918633168167e-05
612,zf,3.360918633168167e-05
613,pz,3.360918633168167e-05
614,vg,3.360918633168167e-05
615,qh,3.360918633168167e-05
616,vv,3.360918633168167e-05
617,jp,3.360918633168167e-05
618,ql,3.360918633168167e-05
619,qo,2.240612422112111e-05
620,qg,2.240612422112111e-05
621,hx,2.240612422112111e-05
622,vb,2.240612422112111e-05
623,fx,2.240612422112111e-05
624,px,2.240612422112111e-05
625,js,2.240612422112111e-05
626,jg,2.240612422112111e-05
627,jw,2.240612422112111e-05
628,jm,2.240612422112111e-05
629,jh,2.240612422112111e-05
630,vc,2.240612422112111e-05
631,zj,1.1203062110560555e-05
632,wx,1.1203062110560555e-05
633,gx,1.1203062110560555e-05
634,mx,1.1203062110560555e-05
635,jc,1.1203062110560555e-05
636,zq,1.1203062110560555e-05
637,jf,1.1203062110560555e-05
638,vj,1.1203062110560555e-05
639,vk,1.1203062110560555e-05
640,jl,1.1203062110560555e-05
641,qy,1.1203062110560555e-05
642,qn,1.1203062110560555e-05
643,qv,1.1203062110560555e-05
644,qs,1.1203062110560555e-05
